# 如果当前数据库使用了物理外键，需要先关闭原来表中的主外键约束功能
# set FOREIGN_KEY_CHECKS=0;

# 清空原有的课程信息表信息
truncate table ol_course_info;
# 添加课程信息
INSERT INTO online.ol_course_info (id, name, orders, is_show, is_deleted, created_time, updated_time, course_cover, course_video, course_type, level, description, pub_date, period, attachment_path, attachment_link, status, students, lessons, pub_lessons, price, recomment_home_hot, recomment_home_top, category_id, direction_id, teacher_id) VALUES
(1, '7天Typescript从入门到放弃', 1, 1, 0, '2021-07-22 04:35:05.696823', '2021-07-22 04:35:05.696871', 'course/cover/course-10.png', '', 0, 0, '<p>7天Typescript从入门到放弃</p>', '2021-07-22', 7, 'luffycity-celery用法1.zip', null, 0, 1100, 70, 15, 800.00, 0, 0, 2, 1, 1),
(2, '3天Typescript精修', 1, 1, 0, '2021-07-22 04:35:05.696823', '2021-07-22 04:35:05.696871', 'course/cover/course-9.png', '', 0, 0, '<p>3天Typescript精修</p>', '2021-07-22', 7, 'luffycity-celery用法1.zip', null, 0, 9704, 100, 100, 998.00, 1, 0, 2, 1, 2),
(3, '3天学会Vue基础', 1, 1, 0, '2021-07-22 04:35:05.696823', '2021-07-22 04:35:05.696871', 'course/cover/course-8.png', '', 0, 0, '<p>3天学会Vue基础</p>', '2021-07-22', 7, 'luffycity-celery用法1.zip', null, 0, 988, 130, 54, 500.00, 1, 0, 1, 1, 2),
(4, '算法与数据结构体系课', 1, 1, 0, '2021-07-22 04:35:05.696823', '2021-07-22 04:35:05.696871', 'course/cover/course-7.png', '', 0, 0, '<p>算法与数据结构体系课</p>', '2021-07-22', 7, 'luffycity-celery用法1.zip', null, 0, 1303, 150, 50, 998.00, 0, 1, 33, 4, 4),
(5, 'python基础入门', 1, 1, 0, '2021-07-22 04:35:05.696823', '2021-07-22 04:35:05.696871', 'course/cover/course-6.png', '', 0, 0, '<p>python基础入门</p>', '2021-07-22', 7, 'luffycity-celery用法1.zip', null, 0, 4302, 140, 30, 100.00, 0, 1, 20, 2, 4),
(6, 'javascript进阶', 1, 1, 0, '2021-07-22 04:35:05.696823', '2021-07-22 04:35:05.696871', 'course/cover/course-5.png', '', 0, 0, '<p>javascript进阶</p>', '2021-07-22', 7, 'luffycity-celery用法1.zip', null, 0, 1125, 180, 100, 1750.00, 1, 0, 5, 1, 3),
(7, '爬虫进阶之逆向工程', 1, 1, 0, '2021-07-22 04:35:05.696823', '2021-07-22 04:35:05.696871', 'course/cover/course-4.png', '', 0, 0, '<p>爬虫进阶之逆向工程</p>', '2021-07-22', 7, 'luffycity-celery用法1.zip', null, 0, 223, 145, 55, 400.00, 0, 0, 21, 2, 3),
(8, 'Kubernetes 入门到进阶实战', 1, 1, 0, '2021-07-22 04:35:05.696823', '2021-07-22 04:35:05.696871', 'course/cover/course-3.png', '', 0, 0, '<p>Kubernetes 入门到进阶实战</p>', '2021-07-22', 7, 'luffycity-celery用法1.zip', null, 0, 6074, 70, 20, 500.00, 1, 0, 50, 7, 3),
(9, 'Android 应用程序构建实战', 1, 1, 0, '2021-07-22 04:35:05.696823', '2021-07-22 04:35:05.696871', 'course/cover/course-2.png', '', 0, 0, '<p>Android 应用程序构建实战</p>', '2021-07-22', 7, 'luffycity-celery用法1.zip', null, 0, 1059, 110, 50, 550.00, 0, 0, 29, 3, 1),
(10, 'Kotlin从入门到精通', 1, 1, 0, '2021-07-22 04:35:05.696823', '2021-07-22 04:35:05.696871', 'course/cover/course-1.png', '', 0, 0, '<p>Kotlin从入门到精通</p>', '2021-07-22', 7, 'luffycity-celery用法1.zip', null, 0, 870, 120, 0, 500.00, 1, 0, 29, 3, 1),
(11, '深度学习之神经网络', 1, 1, 0, '2021-07-22 04:35:05.696823', '2021-07-22 04:35:05.696871', 'course/cover/course-11.png', '', 0, 0, '<p>深度学习之神经网络</p>', '2021-07-22', 7, 'luffycity-celery用法1.zip', null, 0, 6002, 115, 70, 80.00, 1, 0, 37, 5, 1),
(12, 'OpenCV入门到进阶', 1, 1, 0, '2021-07-22 04:35:05.696823', '2021-07-22 04:35:05.696871', 'course/cover/course-12.png', '', 0, 0, '<p>OpenCV入门到进阶</p>', '2021-07-22', 7, 'luffycity-celery用法1.zip', null, 0, 1029, 100, 70, 390.00, 0, 1, 38, 5, 2),
(13, 'Go容器化微服务系统实战', 1, 1, 0, '2021-07-22 04:35:05.696823', '2021-07-22 04:35:05.696871', 'course/cover/course-13.png', '', 0, 0, '<p>Go容器化微服务系统实战</p>', '2021-07-22', 7, 'luffycity-celery用法1.zip', null, 0, 24202, 65, 65, 399.00, 0, 0, 35, 5, 1),
(14, 'RabbitMQ精讲', 1, 1, 0, '2021-07-22 04:35:05.696823', '2021-07-22 04:35:05.696871', 'course/cover/course-14.png', '', 0, 0, '<p>RabbitMQ精讲</p>', '2021-07-22', 7, 'luffycity-celery用法1.zip', null, 0, 980, 100, 100, 710.00, 0, 0, 53, 8, 4),
(15, 'TensorFlow基础', 1, 1, 0, '2021-07-22 04:35:05.696823', '2021-07-22 04:35:05.696871', 'course/cover/course-15.png', '', 0, 0, '<p>RabbitMQ精讲</p>', '2021-07-22', 7, 'luffycity-celery用法1.zip', null, 0, 670, 220, 100, 1590.00, 0, 1, 36, 5, 2),
(16, 'ZooKeeper分布式架构搭建', 1, 1, 0, '2021-07-22 04:35:05.696823', '2021-07-22 04:35:05.696871', 'course/cover/course-16.png', '', 0, 0, '<p>ZooKeeper分布式架构搭建</p>', '2021-07-22', 7, 'luffycity-celery用法1.zip', null, 0, 90, 88, 35, 40.00, 1, 0, 35, 5, 3),
(17, '高性能MySQL调优', 1, 1, 0, '2021-07-22 04:35:05.696823', '2021-07-22 04:35:05.696871', 'course/cover/course-17.png', '', 0, 0, '<p>高性能MySQL调优</p>', '2021-07-22', 7, 'luffycity-celery用法1.zip', null, 0, 40, 300, 60, 998.00, 1, 1, 60, 10, 3),
(18, 'MySQL事务处理精选', 1, 1, 0, '2021-07-22 04:35:05.696823', '2021-07-22 04:35:05.696871', 'course/cover/course-18.png', '', 0, 0, '<p>MySQL事务处理精选</p>', '2021-07-22', 7, 'luffycity-celery用法1.zip', null, 0, 640, 65, 30, 1000.00, 1, 0, 60, 10, 1),
(19, 'MongoDB入门到进阶', 1, 1, 0, '2021-07-22 04:35:05.696823', '2021-07-22 04:35:05.696871', 'course/cover/course-19.png', '', 0, 0, '<p>MongoDB入门到进阶</p>', '2021-07-22', 7, 'luffycity-celery用法1.zip', null, 0, 11205, 86, 40, 1100.00, 0, 1, 62, 10, 3),
(20, 'Redis入门课程', 1, 1, 0, '2021-07-22 04:35:05.696823', '2021-07-22 04:35:05.696871', 'course/cover/course-20.png', '', 0, 0, '<p>Redis入门课程</p>', '2021-07-22', 7, 'luffycity-celery用法1.zip', null, 0, 120, 100, 40, 1199.00, 1, 1, 61, 10, 2);


-- 优惠券测试数据
truncate table ol_coupon;
INSERT INTO ol_coupon (id, name, is_deleted, orders, is_show, created_time, updated_time, discount, coupon_type, total, has_total, start_time, end_time, get_type, `condition`, per_limit, sale) VALUES (1, '30元通用优惠券', 0, 1, 1, '2022-05-04 10:35:40.569417', '2022-06-30 10:25:00.353212', 1, 0, 10000, 10000, '2022-05-04 10:35:00', '2023-01-02 10:35:00', 0, 100, 1, '-30'),(2, '前端学习通用优惠券', 0, 1, 1, '2022-05-04 10:36:58.401527', '2022-05-04 10:36:58.401556', 1, 1, 100, 100, '2022-05-04 10:36:00', '2022-08-04 10:36:00', 0, 0, 1, '-50'),(3, 'Typescript课程专用券', 0, 1, 1, '2022-05-04 10:38:36.134581', '2022-05-04 10:38:36.134624', 2, 3, 1000, 1000, '2022-05-04 10:38:00', '2022-08-04 10:38:00', 0, 0, 1, '*0.88'),(4, 'python七夕专用券', 0, 1, 1, '2022-05-04 10:40:08.022904', '2022-06-30 10:25:46.949197', 1, 2, 200, 200, '2022-05-04 10:39:00', '2022-11-15 10:39:00', 1, 0, 1, '-99'),(5, '算法学习优惠券', 0, 1, 1, '2021-08-05 10:05:07.837008', '2022-06-30 10:26:12.133812', 2, 2, 1000, 1000, '2022-08-05 10:04:00', '2022-12-25 10:04:00', 0, 200, 1, '*0.85');

-- 优惠券与学习方向的关系测试数据
truncate table ol_coupon_course_direction;
INSERT INTO ol_coupon_course_direction (id, created_time, coupon_id, direction_id) VALUES (1, '2022-05-04 10:36:58.414461', 2, 1);

-- 优惠券与课程分类的关系测试数据
truncate table ol_coupon_course_category;
INSERT INTO ol_coupon_course_category (id, created_time, category_id, coupon_id) VALUES (1, '2022-05-04 10:40:08.029505', 20, 4),(2, '2022-05-04 10:40:08.042891', 21, 4),(3, '2021-08-05 10:05:07.966221', 33, 5);

-- 优惠券与课程信息的关系测试数据
truncate table ol_coupon_course;
INSERT INTO ol_coupon_course (id, created_time, coupon_id, course_id) VALUES (1, '2022-05-04 10:38:36.140929', 3, 1),(2, '2022-05-04 10:38:36.143166', 3, 2);

-- 优惠券的发放和使用日志的测试数据
truncate table ol_coupon_log;
INSERT INTO ol_coupon_log (id, is_deleted, orders, is_show, created_time, updated_time, name, use_time, use_status, coupon_id, order_id, user_id) VALUES (5, 0, 1, 1, '2022-05-04 12:00:25.051976', '2022-06-30 10:25:17.681298', '30元通用优惠券222', null, 0, 1, null, 1),(8, 0, 1, 1, '2022-05-04 12:03:24.331024', '2022-06-30 10:22:45.834401', '前端学习通用优惠券', null, 0, 2, null, 1),(9, 0, 1, 1, '2022-05-04 12:03:31.692397', '2022-06-30 10:23:41.492205', 'Typescript课程专用券', null, 0, 3, null, 1),(10, 0, 1, 1, '2022-05-04 12:03:38.225438', '2022-06-30 10:25:49.797318', 'python七夕专用券', null, 0, 4, null, 1),(11, 0, 1, 1, '2022-05-04 12:09:25.406437', '2022-06-30 10:23:55.832262', '前端学习通用优惠券', null, 0, 2, null, 1),(12, 0, 1, 1, '2021-08-05 10:06:06.036230', '2022-06-30 10:26:20.723668', '算法学习优惠券', null, 0, 5, null, 1);

# 如果当前数据库使用了物理外键，开启原来表中的主外键约束功能
# set FOREIGN_KEY_CHECKS=1;